order_id,date,customer,product,category,price,quantity,payment,city
1001,04-01-2024,Riya,Cappuccino,Coffee,100,three,upi,Mumbai
1002,24-02-2024,Sara,Muffin,Dessert,150,1,upi,Ahmedabad
1003,12-03-2024,Sara,Latte,Coffee,120,2,card,Ahmedabad
1004,13-04-2024,Anita,Cold Coffee,Coffee,200,1,UPI,Delhi
1005,07-04-2024,Anita,Mocha,Coffee,180,3,upi,Bangalore
1006,03-04-2024,Riya,Latte,Coffee,120,4,upi,Bangalore
1007,23-04-2024,Riya,Muffin,Dessert,80,3,Card,Bangalore
1008,19-04-2024,Riya,Cappuccino,Coffee,150,2,UPI,Delhi
1009,15-02-2024,Riya,Brownie,Dessert,90,2,Cash,Ahmedabad
1010,09-03-2024,Riya,Espresso,Coffee,100,three,upi,Delhi
1011,17-04-2024,Rahul,Brownie,Dessert,90,1,Cash,Delhi
1012,22-04-2024,Riya,Muffin,Dessert,80,three,card,Delhi
1013,18-01-2024,Neha,Cold Coffee,Coffee,200,2,card,Ahmedabad
1014,16-02-2024,Riya,Cheesecake,Dessert,200,2,Cash,Mumbai
1015,21-03-2024,David,Espresso,Coffee,100,2,card,Ahmedabad
1016,08-03-2024,Riya,Sandwich,Food,150,3,Cash,Surat
1017,06-04-2024,David,Croissant,Food,130,3,Card,Pune
1018,02-04-2024,Karan,Latte,Coffee,120,three,Cash,Surat
1019,17-04-2024,Aman,Cold Coffee,Coffee,200,three,upi,Ahmedabad
1020,17-03-2024,Rahul,Latte,Coffee,120,3,Card,Mumbai
1021,22-04-2024,Riya,Mocha,Coffee,180,two,upi,Delhi
1022,25-03-2024,Neha,Espresso,Coffee,100,4,card,Delhi
1023,06-04-2024,Riya,Croissant,Food,130,three,UPI,Pune
1024,27-02-2024,Neha,Croissant,Food,130,1,upi,Delhi
1025,29-01-2024,Riya,Muffin,Dessert,80,1,Cash,Bangalore
1026,06-03-2024,Aman,Cappuccino,Coffee,150,2,upi,Ahmedabad
1027,01-02-2024,Riya,Sandwich,Food,150,4,card,Bangalore
1028,22-02-2024,Riya,Cheesecake,Dessert,200,4,Cash,Mumbai
1029,03-04-2024,Sara,Cheesecake,Dessert,200,3,upi,Pune
1030,24-02-2024,Priya,Espresso,Coffee,100,2,upi,Mumbai
1031,24-03-2024,Aman,Latte,Coffee,120,two,card,Pune
1032,28-01-2024,David,Sandwich,Food,150,4,UPI,Pune
1033,24-02-2024,Riya,Cold Coffee,Coffee,200,three,card,Delhi
1034,07-02-2024,John,Mocha,Coffee,180,2,UPI,Mumbai
1035,15-03-2024,John,Latte,Coffee,120,4,upi,Mumbai
1036,09-01-2024,Riya,Espresso,Coffee,100,two,upi,Delhi
1037,17-03-2024,Neha,Muffin,Dessert,80,1,upi,Bangalore
1038,27-01-2024,Aman,Cold Coffee,Coffee,200,three,UPI,Pune
1039,28-04-2024,Neha,Brownie,Dessert,200,1,Cash,Mumbai
1040,28-01-2024,Sara,Croissant,Food,130,two,UPI,Bangalore
1041,26-02-2024,Karan,Espresso,Coffee,100,two,Cash,Surat
1042,08-02-2024,Riya,Croissant,Food,130,three,Cash,Surat
1043,20-01-2024,Sara,Croissant,Food,130,3,UPI,Ahmedabad
1044,02-02-2024,John,Sandwich,Food,150,1,Cash,Bangalore
1045,22-03-2024,David,Espresso,Coffee,100,3,upi,Mumbai
1046,10-01-2024,Neha,Cappuccino,Coffee,150,three,upi,Delhi
1047,17-01-2024,Anita,Cheesecake,Dessert,200,1,Card,Surat
1048,26-03-2024,Neha,Mocha,Coffee,180,1,Card,Delhi
1049,12-04-2024,Riya,Espresso,Coffee,101,2,Card,Bangalore
1050,10-04-2024,Sara,Espresso,Coffee,100,three,Card,Pune
1051,09-02-2024,Anita,Brownie,Dessert,90,2,UPI,Mumbai
1052,14-02-2024,Anita,Cold Coffee,Coffee,200,three,Cash,Mumbai
1053,23-01-2024,Neha,Cold Coffee,Coffee,200,two,card,Bangalore
1054,25-02-2024,Sara,Brownie,Dessert,90,two,UPI,Mumbai
1055,01-01-2024,Riya,Cheesecake,Dessert,200,two,Card,Bangalore
1056,09-01-2024,Riya,Cheesecake,Dessert,200,three,UPI,Ahmedabad
1057,26-03-2024,Aman,Cold Coffee,Coffee,200,4,Card,Pune
1058,27-03-2024,David,Cheesecake,Dessert,200,three,upi,Mumbai
1059,06-02-2024,Anita,Cold Coffee,Coffee,200,2,card,Pune
1060,27-03-2024,Aman,Sandwich,Food,150,2,Cash,Bangalore
1061,25-03-2024,Riya,Croissant,Food,130,three,UPI,Delhi
1062,19-01-2024,Neha,Mocha,Coffee,130,1,Cash,Pune
1063,23-04-2024,Priya,Cheesecake,Dessert,200,three,card,Delhi
1064,24-03-2024,David,Espresso,Coffee,200,three,Card,Delhi
1065,29-02-2024,Priya,Croissant,Food,130,1,Card,Pune
1066,12-03-2024,Neha,Croissant,Food,130,two,upi,Pune
1067,27-02-2024,Sara,Croissant,Food,130,2,UPI,Ahmedabad
1068,21-03-2024,Sara,Sandwich,Food,150,2,UPI,Bangalore
1069,24-04-2024,Aman,Brownie,Dessert,90,two,Card,Mumbai
1070,22-02-2024,David,Cheesecake,Dessert,200,3,card,Ahmedabad
1071,19-04-2024,David,Latte,Coffee,122,two,card,Ahmedabad
1072,12-04-2024,David,Croissant,Food,130,two,card,Mumbai
1073,13-02-2024,Priya,Cheesecake,Dessert,200,three,Card,Ahmedabad
1074,04-01-2024,Riya,Croissant,Food,130,4,card,Delhi
1075,24-01-2024,Anita,Sandwich,Food,150,1,UPI,Pune
1076,06-04-2024,Karan,Cold Coffee,Coffee,200,4,Cash,Bangalore
1077,24-03-2024,Sara,Mocha,Coffee,180,1,Card,Mumbai
1078,20-01-2024,Sara,Muffin,Dessert,80,2,card,Surat
1079,08-04-2024,Riya,Cold Coffee,Coffee,200,3,Card,Bangalore
1080,15-03-2024,David,Cappuccino,Coffee,150,1,Card,Mumbai
1081,29-03-2024,Riya,Muffin,Dessert,80,three,upi,Mumbai
1082,10-04-2024,Riya,Muffin,Dessert,80,1,upi,Surat
1083,02-01-2024,Riya,Brownie,Dessert,90,4,card,Surat
1084,25-02-2024,Neha,Espresso,Coffee,100,2,upi,Pune
1085,25-02-2024,Riya,Sandwich,Food,150,three,UPI,Pune
1086,06-04-2024,John,Mocha,Coffee,180,4,card,Bangalore
1087,03-03-2024,Neha,Espresso,Coffee,100,2,UPI,Ahmedabad
1088,07-03-2024,Karan,Latte,Coffee,120,2,Card,Surat
1089,23-03-2024,Rahul,Sandwich,Food,150,three,Card,Pune
1090,09-02-2024,Anita,Mocha,Coffee,180,three,card,Surat
1091,12-02-2024,Sara,Croissant,Food,130,3,Cash,Surat
1092,10-02-2024,Aman,Mocha,Coffee,180,1,Card,Delhi
1093,05-02-2024,Rahul,Sandwich,Food,150,three,Cash,Delhi
1094,30-01-2024,Rahul,Cold Coffee,Coffee,214,3,Cash,Mumbai
1095,07-02-2024,Riya,Croissant,Food,130,three,Cash,Ahmedabad
1096,01-03-2024,Rahul,Cold Coffee,Coffee,200,4,card,Mumbai
1097,21-02-2024,Aman,Cappuccino,Coffee,150,4,Card,Ahmedabad
1098,11-01-2024,Neha,Cold Coffee,Coffee,200,2,upi,Delhi
1099,18-02-2024,David,Croissant,Food,130,4,UPI,Ahmedabad
1100,08-01-2024,Riya,Muffin,Dessert,80,two,Card,Bangalore
1101,21-01-2024,David,Cappuccino,Coffee,150,2,card,Surat
1102,01-03-2024,Rahul,Muffin,Dessert,,3,card,Mumbai
1103,28-04-2024,Sara,Mocha,Coffee,180,3,card,Mumbai
1104,29-01-2024,Riya,Croissant,Food,130,three,Cash,Delhi
1105,17-03-2024,Riya,Cold Coffee,Coffee,200,three,card,Surat
1106,30-03-2024,Priya,Cold Coffee,Coffee,200,4,Cash,Ahmedabad
1107,23-04-2024,Riya,Latte,Coffee,120,4,Card,Surat
1108,16-03-2024,Neha,Muffin,Dessert,80,1,Cash,Delhi
1109,07-03-2024,David,Sandwich,Food,150,three,card,Mumbai
1110,14-02-2024,Anita,Sandwich,Food,150,4,card,Surat
1111,06-02-2024,John,Sandwich,Food,150,three,card,Mumbai
1112,02-02-2024,John,Brownie,Dessert,90,3,upi,Pune
1113,07-01-2024,Riya,Cheesecake,Dessert,200,2,card,Mumbai
1114,04-02-2024,Priya,Mocha,Coffee,180,two,Cash,Mumbai
1115,12-04-2024,Karan,Muffin,Dessert,80,2,card,Mumbai
1116,17-04-2024,Priya,Mocha,Coffee,180,1,UPI,Ahmedabad
1117,23-02-2024,Aman,Cold Coffee,Coffee,200,4,card,Delhi
1118,06-03-2024,David,Muffin,Dessert,80,three,UPI,Ahmedabad
1119,15-04-2024,Neha,Cold Coffee,Coffee,200,1,card,Delhi
1120,09-03-2024,David,Sandwich,Food,150,4,card,Bangalore
1121,30-03-2024,John,Mocha,Coffee,180,2,UPI,Surat
1122,31-03-2024,Aman,Sandwich,Food,150,4,card,Mumbai
1123,05-03-2024,Riya,Espresso,Coffee,100,two,upi,Pune
1124,02-04-2024,Riya,Latte,Coffee,120,2,card,Bangalore
1125,20-03-2024,Riya,Brownie,Dessert,90,three,upi,Pune
1126,21-03-2024,John,Brownie,Dessert,90,three,upi,Mumbai
1127,21-03-2024,Riya,Mocha,Coffee,180,three,card,Mumbai
1128,26-02-2024,Anita,Cappuccino,Coffee,150,2,Cash,Bangalore
1129,17-02-2024,Riya,Brownie,Dessert,90,4,Card,Delhi
1130,11-01-2024,Priya,Espresso,Coffee,100,two,upi,Delhi
1131,29-02-2024,Priya,Mocha,Coffee,180,three,UPI,Surat
1132,21-01-2024,Rahul,Croissant,Food,130,1,card,Surat
1133,28-02-2024,Riya,Cold Coffee,Coffee,200,3,Card,Pune
1134,15-02-2024,Riya,Muffin,Dessert,80,two,card,Bangalore
1135,13-03-2024,Priya,Latte,Coffee,120,three,UPI,Delhi
1136,12-04-2024,Riya,Muffin,Dessert,80,3,Card,Surat
1137,25-04-2024,John,Cappuccino,Coffee,150,three,upi,Bangalore
1138,12-01-2024,Aman,Espresso,Coffee,100,3,upi,Bangalore
1139,05-03-2024,Rahul,Croissant,Food,130,3,UPI,Mumbai
1140,10-01-2024,Riya,Sandwich,Food,150,2,card,Ahmedabad
1141,12-01-2024,Riya,Brownie,Dessert,150,4,card,Bangalore
1142,15-03-2024,Riya,Cold Coffee,Coffee,200,4,Card,Pune
1143,20-03-2024,Riya,Latte,Coffee,120,two,card,Surat
1144,24-03-2024,Priya,Cold Coffee,Coffee,182,4,Cash,Mumbai
1145,23-04-2024,Karan,Mocha,Coffee,180,two,card,Ahmedabad
1146,23-04-2024,David,Espresso,Coffee,100,4,UPI,Mumbai
1147,28-01-2024,Riya,Brownie,Dessert,90,4,UPI,Ahmedabad
1148,08-01-2024,Riya,Brownie,Dessert,90,4,Card,Surat
1149,03-01-2024,Neha,Muffin,Dessert,80,1,Card,Mumbai
1150,27-01-2024,Aman,Croissant,Food,130,two,upi,Mumbai
1151,19-04-2024,Riya,Cold Coffee,Coffee,200,2,Cash,Delhi
1152,15-02-2024,Aman,Latte,Coffee,116,2,card,Ahmedabad
1153,05-04-2024,Neha,Cappuccino,Coffee,150,1,Cash,Pune
1154,29-01-2024,Karan,Croissant,Food,150,two,UPI,Pune
1155,08-01-2024,Priya,Latte,Coffee,120,4,card,Mumbai
1156,11-02-2024,Riya,Cappuccino,Coffee,150,two,upi,Ahmedabad
1157,18-02-2024,David,Brownie,Dessert,90,two,Cash,Surat
1158,19-04-2024,Sara,Cappuccino,Coffee,150,three,card,Pune
1159,22-02-2024,Riya,Mocha,Coffee,180,3,UPI,Pune
1160,26-03-2024,Riya,Brownie,Dessert,90,3,Cash,Mumbai
1161,25-02-2024,Karan,Cappuccino,Coffee,150,1,Cash,Ahmedabad
1162,12-03-2024,David,Croissant,Food,130,3,Cash,Bangalore
1163,09-02-2024,Riya,Muffin,Dessert,80,3,card,Delhi
1164,14-02-2024,Sara,Cappuccino,Coffee,150,two,card,Ahmedabad
1165,19-03-2024,Aman,Muffin,Dessert,77,three,UPI,Surat
1166,27-04-2024,Neha,Cold Coffee,Coffee,200,3,card,Mumbai
1167,04-04-2024,Sara,Espresso,Coffee,100,three,card,Pune
1168,13-02-2024,Neha,Sandwich,Food,150,2,Cash,Mumbai
1169,21-01-2024,Rahul,Espresso,Coffee,150,two,card,Surat
1170,03-03-2024,Riya,Cheesecake,Dessert,200,two,UPI,Pune
1171,06-02-2024,Rahul,Cappuccino,Coffee,150,three,Cash,Delhi
1172,17-03-2024,Sara,Cheesecake,Dessert,,1,Card,Bangalore
1173,11-02-2024,David,Cold Coffee,Coffee,,1,Card,Delhi
1174,09-03-2024,Anita,Cheesecake,Dessert,200,three,Cash,Pune
1175,25-02-2024,Neha,Latte,Coffee,120,1,card,Ahmedabad
1176,31-03-2024,Anita,Cheesecake,Dessert,200,three,Card,Ahmedabad
1177,16-04-2024,Sara,Sandwich,Food,150,three,card,Ahmedabad
1178,08-03-2024,Sara,Cheesecake,Dessert,200,1,UPI,Delhi
1179,06-03-2024,Anita,Cappuccino,Coffee,150,three,Card,Delhi
1180,19-01-2024,Riya,Cappuccino,Coffee,150,3,Card,Surat
1181,29-02-2024,Riya,Sandwich,Food,150,two,upi,Bangalore
1182,20-01-2024,Rahul,Brownie,Dessert,90,4,upi,Mumbai
1183,05-03-2024,Anita,Brownie,Dessert,90,1,UPI,Mumbai
1184,19-03-2024,John,Cappuccino,Coffee,150,two,card,Ahmedabad
1185,11-02-2024,Priya,Mocha,Coffee,180,two,Cash,Bangalore
1186,05-03-2024,Priya,Cappuccino,Coffee,150,three,upi,Ahmedabad
1187,21-01-2024,Anita,Muffin,Dessert,80,3,upi,Mumbai
1188,09-01-2024,Rahul,Brownie,Dessert,90,3,upi,Delhi
1189,11-01-2024,Riya,Brownie,Dessert,90,two,card,Delhi
1190,31-03-2024,Aman,Muffin,Dessert,80,1,upi,Mumbai
1191,06-03-2024,Aman,Cheesecake,Dessert,,3,Card,Bangalore
1192,25-01-2024,Riya,Sandwich,Food,150,2,upi,Ahmedabad
1193,05-01-2024,Neha,Croissant,Food,130,three,card,Delhi
1194,24-01-2024,Priya,Espresso,Coffee,100,three,Cash,Pune
1195,27-03-2024,Priya,Brownie,Dessert,90,three,Card,Ahmedabad
1196,09-02-2024,Neha,Mocha,Coffee,180,4,card,Pune
1197,09-04-2024,Sara,Cold Coffee,Coffee,200,4,upi,Delhi
1198,07-01-2024,Karan,Cold Coffee,Coffee,200,three,Cash,Bangalore
1199,07-04-2024,David,Cappuccino,Coffee,150,2,Cash,Delhi
1200,23-04-2024,Karan,Sandwich,Food,150,3,UPI,Delhi
1201,11-01-2024,Riya,Cheesecake,Dessert,200,3,UPI,Delhi
1202,05-01-2024,Priya,Espresso,Coffee,100,3,card,Ahmedabad
1203,25-04-2024,Aman,Latte,Coffee,,1,upi,Surat
1204,08-03-2024,Riya,Muffin,Dessert,80,4,Cash,Delhi
1205,22-03-2024,Neha,Cheesecake,Dessert,200,two,upi,Mumbai
1206,14-03-2024,Neha,Croissant,Food,130,2,UPI,Delhi
1207,23-02-2024,Riya,Muffin,Dessert,80,2,upi,Ahmedabad
1208,10-04-2024,John,Croissant,Food,130,two,card,Bangalore
1209,05-04-2024,Riya,Cold Coffee,Coffee,200,1,Cash,Ahmedabad
1210,18-01-2024,Aman,Brownie,Dessert,90,1,card,Surat
1211,21-03-2024,John,Sandwich,Food,150,2,UPI,Delhi
1212,11-04-2024,Karan,Latte,Coffee,120,2,card,Ahmedabad
1213,02-02-2024,John,Sandwich,Food,150,1,UPI,Bangalore
1214,12-04-2024,David,Cappuccino,Coffee,150,3,UPI,Delhi
1215,29-03-2024,Riya,Sandwich,Food,150,4,card,Mumbai
1216,18-03-2024,Anita,Cheesecake,Dessert,200,2,UPI,Bangalore
1217,18-03-2024,Priya,Sandwich,Food,150,three,Cash,Surat
1218,19-03-2024,Riya,Brownie,Dessert,90,4,card,Bangalore
1219,12-04-2024,Neha,Croissant,Food,130,three,card,Mumbai
1220,09-01-2024,Neha,Espresso,Coffee,100,2,Cash,Ahmedabad
1221,27-03-2024,Neha,Espresso,Coffee,100,4,Card,Ahmedabad
1222,20-02-2024,John,Brownie,Dessert,90,3,Card,Pune
1223,19-02-2024,Priya,Croissant,Food,130,two,Card,Ahmedabad
1224,29-03-2024,Priya,Cold Coffee,Coffee,200,4,Card,Surat
1225,12-01-2024,Anita,Sandwich,Food,150,three,Cash,Ahmedabad
1226,07-02-2024,Riya,Croissant,Food,130,3,Card,Bangalore
1227,29-01-2024,Priya,Croissant,Food,130,1,Cash,Bangalore
1228,14-03-2024,Neha,Croissant,Food,130,3,Cash,Mumbai
1229,20-02-2024,Neha,Cold Coffee,Coffee,200,three,Cash,Delhi
1230,23-03-2024,Aman,Brownie,Dessert,90,1,upi,Surat
1231,24-01-2024,Riya,Muffin,Dessert,80,2,upi,Delhi
1232,22-01-2024,Karan,Cold Coffee,Coffee,200,2,UPI,Mumbai
1233,26-01-2024,Rahul,Cold Coffee,Coffee,200,three,upi,Ahmedabad
1234,05-03-2024,Aman,Cappuccino,Coffee,150,three,upi,Surat
1235,13-02-2024,Riya,Muffin,Dessert,,two,Cash,Surat
1236,03-02-2024,Riya,Muffin,Dessert,80,three,Cash,Pune
1237,07-02-2024,David,Croissant,Food,130,three,UPI,Pune
1238,29-03-2024,Sara,Cappuccino,Coffee,150,1,UPI,Ahmedabad
1239,10-02-2024,David,Espresso,Coffee,100,three,Card,Bangalore
1240,12-03-2024,Priya,Croissant,Food,130,1,Card,Delhi
1241,07-01-2024,Sara,Cappuccino,Coffee,150,3,Card,Bangalore
1242,02-04-2024,Priya,Muffin,Dessert,80,3,card,Bangalore
1243,03-01-2024,Sara,Sandwich,Food,150,1,upi,Bangalore
1244,07-01-2024,Riya,Latte,Coffee,120,3,card,Bangalore
1245,02-01-2024,Anita,Croissant,Food,130,1,card,Bangalore
1246,21-02-2024,Rahul,Latte,Coffee,120,1,Cash,Pune
1247,27-02-2024,Neha,Croissant,Food,130,two,Cash,Delhi
1248,20-02-2024,Aman,Cappuccino,Coffee,150,3,Card,Ahmedabad
1249,21-02-2024,Aman,Croissant,Food,,two,UPI,Pune
1250,28-02-2024,Neha,Croissant,Food,130,2,UPI,Delhi
1251,19-03-2024,Karan,Cheesecake,Dessert,200,three,upi,Pune
1252,08-02-2024,Riya,Muffin,Dessert,80,4,card,Ahmedabad
1253,11-04-2024,Priya,Cold Coffee,Coffee,200,three,UPI,Surat
1254,14-03-2024,Karan,Muffin,Dessert,80,2,upi,Pune
1255,15-04-2024,Riya,Espresso,Coffee,100,three,Card,Mumbai
1256,10-02-2024,Karan,Sandwich,Food,150,4,upi,Pune
1257,31-03-2024,Priya,Latte,Coffee,120,2,upi,Pune
1258,23-01-2024,Riya,Brownie,Dessert,90,4,UPI,Ahmedabad
1259,25-01-2024,Rahul,Sandwich,Food,150,2,Card,Surat
1260,10-02-2024,Rahul,Sandwich,Food,150,4,UPI,Mumbai
1261,27-03-2024,Aman,Muffin,Dessert,80,two,UPI,Mumbai
1262,01-04-2024,Priya,Cold Coffee,Coffee,200,1,Card,Delhi
1263,04-02-2024,Neha,Croissant,Food,130,two,Card,Delhi
1264,26-03-2024,David,Latte,Coffee,120,two,UPI,Surat
1265,13-01-2024,David,Sandwich,Food,165,three,card,Pune
1266,06-04-2024,Riya,Mocha,Coffee,180,3,upi,Delhi
1267,04-04-2024,Aman,Croissant,Food,121,three,Cash,Pune
1268,24-01-2024,John,Sandwich,Food,150,three,UPI,Ahmedabad
1269,14-01-2024,Karan,Muffin,Dessert,80,3,card,Delhi
1270,29-02-2024,Priya,Croissant,Food,130,3,UPI,Surat
1271,02-01-2024,Sara,Espresso,Coffee,100,three,Card,Ahmedabad
1272,15-04-2024,Riya,Cheesecake,Dessert,200,4,Card,Delhi
1273,11-02-2024,Sara,Sandwich,Food,,2,card,Bangalore
1274,08-02-2024,Sara,Brownie,Dessert,93,two,Cash,Surat
1275,29-02-2024,Rahul,Cappuccino,Coffee,150,3,Cash,Surat
1276,17-02-2024,Aman,Cold Coffee,Coffee,200,two,card,Surat
1277,17-02-2024,Riya,Muffin,Dessert,80,4,Card,Delhi
1278,21-04-2024,Riya,Muffin,Dessert,80,1,upi,Mumbai
1279,16-04-2024,Aman,Latte,Coffee,120,two,Card,Bangalore
1280,26-02-2024,Riya,Croissant,Food,130,1,upi,Pune
1281,28-02-2024,Karan,Latte,Coffee,120,2,card,Surat
1282,02-04-2024,Sara,Cold Coffee,Coffee,200,1,upi,Mumbai
1283,24-02-2024,Riya,Latte,Coffee,120,3,card,Mumbai
1284,22-02-2024,Riya,Cold Coffee,Coffee,200,2,card,Bangalore
1285,27-02-2024,Karan,Cheesecake,Dessert,200,4,Card,Surat
1286,16-01-2024,Sara,Brownie,Dessert,90,2,Cash,Mumbai
1287,29-02-2024,Sara,Cold Coffee,Coffee,200,three,Card,Pune
1288,20-01-2024,John,Brownie,Dessert,90,3,card,Ahmedabad
1289,31-01-2024,Neha,Latte,Coffee,120,2,Cash,Delhi
1290,21-02-2024,Aman,Latte,Coffee,120,4,upi,Bangalore
1291,14-04-2024,Anita,Mocha,Coffee,180,three,Card,Bangalore
1292,25-03-2024,Karan,Espresso,Coffee,100,two,upi,Surat
1293,21-03-2024,Riya,Espresso,Coffee,100,three,card,Ahmedabad
1294,30-03-2024,Karan,Brownie,Dessert,90,4,card,Delhi
1295,08-02-2024,Karan,Mocha,Coffee,180,three,card,Pune
1296,08-03-2024,Riya,Croissant,Food,130,2,Cash,Pune
1297,12-01-2024,David,Brownie,Dessert,90,two,upi,Ahmedabad
1298,21-04-2024,Riya,Latte,Coffee,120,1,upi,Delhi
1299,27-01-2024,Sara,Sandwich,Food,150,3,Cash,Surat
1300,27-04-2024,Sara,Sandwich,Food,150,2,upi,Bangalore
1301,18-02-2024,Anita,Cold Coffee,Coffee,200,4,upi,Pune
1302,13-01-2024,Anita,Sandwich,Food,150,three,UPI,Pune
1303,13-03-2024,Neha,Latte,Coffee,135,2,card,Bangalore
1304,26-01-2024,Priya,Espresso,Coffee,100,3,upi,Surat
1305,02-02-2024,Priya,Brownie,Dessert,90,4,Card,Surat
1306,22-01-2024,Riya,Brownie,Dessert,90,2,Cash,Ahmedabad
1307,17-04-2024,David,Latte,Coffee,120,1,Card,Surat
1308,09-01-2024,Anita,Mocha,Coffee,180,three,Cash,Ahmedabad
1309,26-04-2024,David,Muffin,Dessert,94,4,Cash,Mumbai
1310,02-04-2024,Riya,Croissant,Food,130,3,card,Delhi
1311,27-04-2024,Karan,Cappuccino,Coffee,150,1,UPI,Bangalore
1312,11-04-2024,Neha,Cold Coffee,Coffee,200,4,Card,Surat
1313,08-02-2024,John,Mocha,Coffee,180,three,Cash,Pune
1314,18-02-2024,Aman,Cheesecake,Dessert,200,two,Cash,Pune
1315,23-03-2024,Karan,Cheesecake,Dessert,200,3,Cash,Delhi
1316,25-04-2024,Riya,Mocha,Coffee,180,three,UPI,Ahmedabad
1317,25-03-2024,Sara,Muffin,Dessert,80,1,upi,Delhi
1318,28-04-2024,David,Cheesecake,Dessert,200,1,upi,Bangalore
1319,06-04-2024,Riya,Cheesecake,Dessert,200,three,upi,Surat
1320,07-01-2024,Neha,Brownie,Dessert,90,1,upi,Ahmedabad
1321,09-04-2024,Priya,Cheesecake,Dessert,,3,card,Delhi
1322,11-03-2024,David,Brownie,Dessert,90,4,Cash,Ahmedabad
1323,12-04-2024,David,Cold Coffee,Coffee,200,2,Card,Surat
1324,10-02-2024,Anita,Cheesecake,Dessert,199,3,UPI,Mumbai
1325,12-01-2024,David,Espresso,Coffee,100,2,Cash,Mumbai
1326,15-02-2024,David,Cappuccino,Coffee,150,two,Cash,Bangalore
1327,19-02-2024,Neha,Cheesecake,Dessert,200,1,upi,Delhi
1328,22-01-2024,Riya,Cheesecake,Dessert,200,2,Card,Pune
1329,23-02-2024,Sara,Cold Coffee,Coffee,200,3,card,Ahmedabad
1330,26-01-2024,Anita,Muffin,Dessert,80,4,upi,Pune
1331,26-02-2024,Neha,Brownie,Dessert,90,3,Card,Bangalore
1332,18-03-2024,Anita,Brownie,Dessert,90,three,UPI,Surat
1333,14-03-2024,Anita,Sandwich,Food,150,2,Cash,Ahmedabad
1334,16-03-2024,Priya,Mocha,Coffee,180,two,Card,Pune
1335,16-04-2024,Riya,Cold Coffee,Coffee,200,three,card,Delhi
1336,31-01-2024,Riya,Cold Coffee,Coffee,200,3,card,Ahmedabad
1337,15-03-2024,David,Sandwich,Food,150,4,upi,Mumbai
1338,30-03-2024,Sara,Brownie,Dessert,90,two,UPI,Delhi
1339,06-01-2024,Anita,Muffin,Dessert,80,two,card,Mumbai
1340,13-01-2024,Neha,Latte,Coffee,120,3,upi,Delhi
1341,17-02-2024,Karan,Sandwich,Food,150,4,Card,Bangalore
1342,02-03-2024,Riya,Latte,Coffee,120,1,Card,Bangalore
1343,13-02-2024,Priya,Cold Coffee,Coffee,200,4,Cash,Pune
1344,10-02-2024,John,Sandwich,Food,150,1,UPI,Surat
1345,27-03-2024,Aman,Cappuccino,Coffee,150,2,upi,Delhi
1346,12-03-2024,Riya,Brownie,Dessert,90,4,Card,Delhi
1347,20-02-2024,Neha,Cheesecake,Dessert,200,1,card,Pune
1348,31-03-2024,Neha,Latte,Coffee,120,2,Cash,Ahmedabad
1349,16-02-2024,Priya,Espresso,Coffee,100,3,upi,Surat
1350,17-03-2024,Anita,Brownie,Dessert,90,4,card,Ahmedabad
1351,14-04-2024,Neha,Espresso,Coffee,100,three,Cash,Surat
1352,10-02-2024,Aman,Espresso,Coffee,100,1,upi,Pune
1353,17-03-2024,Riya,Cheesecake,Dessert,200,2,upi,Surat
1354,12-03-2024,Priya,Espresso,Coffee,100,2,upi,Mumbai
1355,02-01-2024,Karan,Brownie,Dessert,90,4,card,Pune
1356,23-02-2024,Neha,Sandwich,Food,150,three,Cash,Delhi
1357,05-01-2024,Neha,Cold Coffee,Coffee,200,3,card,Ahmedabad
1358,15-01-2024,Karan,Croissant,Food,130,two,Cash,Surat
1359,10-03-2024,Sara,Sandwich,Food,150,2,UPI,Mumbai
1360,03-02-2024,Sara,Sandwich,Food,150,3,Card,Surat
1361,29-03-2024,Aman,Muffin,Dessert,80,3,upi,Delhi
1362,14-04-2024,Rahul,Mocha,Coffee,180,2,upi,Ahmedabad
1363,11-02-2024,Riya,Espresso,Coffee,100,three,Cash,Delhi
1364,27-04-2024,Aman,Cheesecake,Dessert,200,1,Card,Delhi
1365,16-04-2024,Aman,Brownie,Dessert,90,2,upi,Surat
1366,21-03-2024,David,Cold Coffee,Coffee,200,4,upi,Surat
1367,29-03-2024,John,Cold Coffee,Coffee,200,3,Cash,Surat
1368,22-03-2024,David,Sandwich,Food,150,three,Card,Pune
1369,04-03-2024,Neha,Mocha,Coffee,180,3,Card,Ahmedabad
1370,10-04-2024,Riya,Sandwich,Food,150,3,card,Mumbai
1371,28-04-2024,Aman,Cappuccino,Coffee,157,2,UPI,Delhi
1372,12-01-2024,Riya,Cold Coffee,Coffee,200,three,Card,Mumbai
1373,21-03-2024,Riya,Cheesecake,Dessert,200,3,Cash,Surat
1374,01-01-2024,Karan,Cappuccino,Coffee,150,2,card,Mumbai
1375,30-03-2024,Aman,Latte,Coffee,120,3,card,Mumbai
1376,19-02-2024,Anita,Mocha,Coffee,180,1,UPI,Delhi
1377,09-04-2024,Karan,Cheesecake,Dessert,200,2,upi,Mumbai
1378,24-03-2024,Aman,Muffin,Dessert,80,2,card,Ahmedabad
1379,20-04-2024,Neha,Sandwich,Food,150,2,card,Bangalore
1380,10-02-2024,Karan,Cheesecake,Dessert,200,2,upi,Ahmedabad
1381,06-02-2024,Rahul,Muffin,Dessert,,three,Card,Ahmedabad
1382,06-03-2024,Sara,Muffin,Dessert,80,2,card,Pune
1383,31-01-2024,Anita,Cappuccino,Coffee,150,4,UPI,Delhi
1384,20-04-2024,Priya,Cheesecake,Dessert,200,two,Cash,Mumbai
1385,09-01-2024,Karan,Muffin,Dessert,63,1,UPI,Surat
1386,08-04-2024,Karan,Croissant,Food,130,4,upi,Ahmedabad
1387,05-02-2024,Aman,Espresso,Coffee,100,1,upi,Bangalore
1388,16-03-2024,Riya,Cheesecake,Dessert,200,three,UPI,Surat
1389,03-04-2024,Riya,Cheesecake,Dessert,200,2,card,Ahmedabad
1390,08-01-2024,Riya,Muffin,Dessert,80,3,Cash,Surat
1391,30-03-2024,Karan,Espresso,Coffee,100,1,UPI,Delhi
1392,17-01-2024,John,Brownie,Dessert,90,three,UPI,Pune
1393,08-03-2024,Riya,Cold Coffee,Coffee,200,1,card,Pune
1394,16-02-2024,Aman,Croissant,Food,130,1,UPI,Mumbai
1395,27-03-2024,John,Muffin,Dessert,80,three,Cash,Delhi
1396,01-03-2024,Karan,Latte,Coffee,120,3,card,Delhi
1397,01-02-2024,Neha,Brownie,Dessert,90,4,UPI,Mumbai
1398,27-03-2024,David,Croissant,Food,130,1,Cash,Pune
1399,09-04-2024,Anita,Cold Coffee,Coffee,200,3,Card,Bangalore
1400,10-04-2024,Neha,Muffin,Dessert,80,3,card,Delhi
1401,07-04-2024,Sara,Croissant,Food,130,2,upi,Bangalore
1402,12-02-2024,Rahul,Latte,Coffee,120,1,Cash,Delhi
1403,31-01-2024,Rahul,Croissant,Food,130,4,Cash,Mumbai
1404,24-04-2024,Riya,Mocha,Coffee,180,two,upi,Mumbai
1405,18-01-2024,John,Croissant,Food,130,three,card,Surat
1406,31-01-2024,Anita,Espresso,Coffee,100,3,UPI,Pune
1407,30-01-2024,Riya,Cold Coffee,Coffee,200,1,Card,Mumbai
1408,27-02-2024,Sara,Espresso,Coffee,100,4,card,Bangalore
1409,03-02-2024,Neha,Sandwich,Food,150,1,Cash,Delhi
1410,19-01-2024,Karan,Brownie,Dessert,90,1,Cash,Surat
1411,03-02-2024,Priya,Cold Coffee,Coffee,,2,upi,Surat
1412,01-02-2024,Riya,Croissant,Food,130,1,Cash,Mumbai
1413,17-01-2024,Riya,Mocha,Coffee,180,2,Cash,Ahmedabad
1414,03-02-2024,Sara,Muffin,Dessert,,1,card,Delhi
1415,25-04-2024,Aman,Cappuccino,Coffee,150,3,upi,Pune
1416,04-03-2024,Sara,Cheesecake,Dessert,200,1,Card,Bangalore
1417,27-02-2024,Neha,Cold Coffee,Coffee,,2,Card,Surat
1418,04-03-2024,Rahul,Cold Coffee,Coffee,200,4,card,Delhi
1419,26-01-2024,Karan,Cheesecake,Dessert,200,three,Cash,Pune
1420,02-03-2024,Karan,Brownie,Dessert,90,two,UPI,Pune
1421,24-01-2024,John,Cold Coffee,Coffee,200,1,card,Ahmedabad
1422,08-04-2024,Sara,Brownie,Dessert,90,two,Card,Bangalore
1423,14-04-2024,Neha,Croissant,Food,130,three,card,Bangalore
1424,23-01-2024,Anita,Espresso,Coffee,100,2,upi,Mumbai
1425,13-03-2024,Karan,Brownie,Dessert,90,two,UPI,Delhi
1426,05-01-2024,Karan,Sandwich,Food,150,1,card,Mumbai
1427,27-04-2024,Aman,Brownie,Dessert,90,two,UPI,Mumbai
1428,19-01-2024,Karan,Latte,Coffee,120,two,UPI,Mumbai
1429,31-03-2024,Anita,Brownie,Dessert,90,three,Card,Delhi
1430,11-04-2024,Karan,Cheesecake,Dessert,200,three,upi,Bangalore
1431,26-03-2024,Rahul,Mocha,Coffee,180,two,Card,Delhi
1432,30-03-2024,John,Latte,Coffee,120,two,Card,Ahmedabad
1433,27-04-2024,Aman,Brownie,Dessert,90,two,UPI,Surat
1434,31-01-2024,Riya,Cappuccino,Coffee,150,3,UPI,Pune
1435,03-02-2024,Riya,Latte,Coffee,120,2,Cash,Mumbai
1436,26-02-2024,Priya,Cheesecake,Dessert,200,three,card,Bangalore
1437,18-02-2024,Riya,Croissant,Food,130,1,Card,Delhi
1438,10-01-2024,Riya,Sandwich,Food,150,1,UPI,Delhi
1439,21-01-2024,Anita,Cheesecake,Dessert,200,three,upi,Ahmedabad
1440,31-03-2024,David,Sandwich,Food,150,1,Card,Mumbai
1441,12-02-2024,Karan,Cappuccino,Coffee,150,2,UPI,Surat
1442,08-02-2024,Priya,Cold Coffee,Coffee,200,2,Card,Mumbai
1443,01-01-2024,Neha,Brownie,Dessert,90,4,card,Delhi
1444,04-01-2024,Priya,Cappuccino,Coffee,150,2,Cash,Bangalore
1445,01-03-2024,Karan,Cheesecake,Dessert,200,4,card,Delhi
1446,23-04-2024,Priya,Brownie,Dessert,90,4,card,Bangalore
1447,17-04-2024,Riya,Mocha,Coffee,180,3,Cash,Mumbai
1448,13-04-2024,Karan,Brownie,Dessert,90,two,Cash,Pune
1449,23-02-2024,Sara,Croissant,Food,130,two,card,Bangalore
1450,20-02-2024,Karan,Cappuccino,Coffee,,three,upi,Surat
1451,19-01-2024,Sara,Muffin,Dessert,80,1,Card,Delhi
1452,24-02-2024,Aman,Latte,Coffee,120,1,upi,Bangalore
1453,26-04-2024,Karan,Brownie,Dessert,90,three,card,Ahmedabad
1454,19-04-2024,Neha,Brownie,Dessert,90,3,upi,Ahmedabad
1455,15-01-2024,Riya,Cheesecake,Dessert,200,4,Cash,Ahmedabad
1456,10-04-2024,Rahul,Cappuccino,Coffee,150,3,card,Surat
1457,14-03-2024,Aman,Sandwich,Food,150,two,upi,Ahmedabad
1458,05-01-2024,John,Cheesecake,Dessert,200,4,card,Bangalore
1459,03-01-2024,Priya,Brownie,Dessert,90,3,Cash,Delhi
1460,08-02-2024,David,Espresso,Coffee,100,three,upi,Surat
1461,25-01-2024,Priya,Cappuccino,Coffee,150,4,upi,Bangalore
1462,06-03-2024,Aman,Latte,Coffee,120,2,upi,Ahmedabad
1463,23-01-2024,Sara,Latte,Coffee,120,2,Cash,Pune
1464,27-04-2024,Karan,Latte,Coffee,120,3,card,Surat
1465,28-03-2024,Aman,Cappuccino,Coffee,150,1,card,Ahmedabad
1466,14-02-2024,Riya,Croissant,Food,130,3,UPI,Mumbai
1467,07-01-2024,Sara,Cheesecake,Dessert,200,2,Card,Surat
1468,04-02-2024,Aman,Mocha,Coffee,160,three,Card,Ahmedabad
1469,29-01-2024,Riya,Latte,Coffee,120,3,UPI,Pune
1470,19-04-2024,Riya,Cheesecake,Dessert,200,3,upi,Ahmedabad
1471,15-03-2024,Anita,Cheesecake,Dessert,,1,upi,Surat
1472,18-03-2024,Anita,Muffin,Dessert,80,3,UPI,Surat
1473,20-04-2024,Rahul,Brownie,Dessert,90,3,Card,Delhi
1474,07-04-2024,David,Croissant,Food,130,2,UPI,Surat
1475,02-04-2024,David,Espresso,Coffee,100,1,card,Pune
1476,15-03-2024,Sara,Latte,Coffee,120,three,upi,Surat
1477,26-04-2024,Riya,Sandwich,Food,150,three,upi,Delhi
1478,13-01-2024,Aman,Cold Coffee,Coffee,200,4,UPI,Surat
1479,29-01-2024,Anita,Cappuccino,Coffee,150,3,UPI,Bangalore
1480,07-02-2024,Neha,Muffin,Dessert,80,4,upi,Ahmedabad
1481,01-03-2024,Karan,Cappuccino,Coffee,150,2,UPI,Pune
1482,21-04-2024,Neha,Latte,Coffee,120,2,card,Delhi
1483,20-04-2024,Riya,Brownie,Dessert,90,three,Card,Bangalore
1484,01-01-2024,Neha,Latte,Coffee,120,4,Card,Pune
1485,17-01-2024,Priya,Cappuccino,Coffee,150,two,card,Mumbai
1486,09-03-2024,Karan,Latte,Coffee,120,2,Card,Mumbai
1487,21-03-2024,Rahul,Latte,Coffee,120,three,Card,Mumbai
1488,05-03-2024,Rahul,Cheesecake,Dessert,200,two,UPI,Pune
1489,17-03-2024,Anita,Croissant,Food,130,two,card,Bangalore
1490,22-01-2024,Aman,Mocha,Coffee,,4,Card,Surat
1491,16-03-2024,John,Latte,Coffee,120,two,card,Surat
1492,08-04-2024,Riya,Cold Coffee,Coffee,200,two,Cash,Surat
1493,07-01-2024,Karan,Latte,Coffee,120,three,UPI,Pune
1494,27-01-2024,Riya,Espresso,Coffee,106,three,upi,Bangalore
1495,18-03-2024,Karan,Muffin,Dessert,80,three,upi,Mumbai
1496,15-01-2024,Karan,Cold Coffee,Coffee,200,1,Card,Bangalore
1497,07-02-2024,Sara,Cheesecake,Dessert,,2,card,Bangalore
1498,01-01-2024,Riya,Mocha,Coffee,180,1,card,Delhi
1499,09-04-2024,Riya,Cappuccino,Coffee,150,two,Card,Pune
1500,03-02-2024,Rahul,Cold Coffee,Coffee,200,4,UPI,Surat
1501,24-02-2024,John,Brownie,Dessert,90,three,Card,Surat
1502,12-02-2024,Riya,Espresso,Coffee,100,3,UPI,Bangalore
1503,15-01-2024,Priya,Espresso,Coffee,100,4,card,Surat
1504,15-01-2024,Riya,Espresso,Coffee,100,2,card,Ahmedabad
1505,12-04-2024,Anita,Sandwich,Food,150,two,upi,Mumbai
1506,02-03-2024,Riya,Espresso,Coffee,100,4,UPI,Surat
1507,02-01-2024,Neha,Brownie,Dessert,90,three,upi,Delhi
1508,07-03-2024,Riya,Brownie,Dessert,90,two,Card,Pune
1509,25-03-2024,Neha,Brownie,Dessert,90,three,Cash,Mumbai
1510,05-03-2024,Priya,Espresso,Coffee,100,4,UPI,Delhi
1511,05-02-2024,David,Brownie,Dessert,90,1,Card,Mumbai
1512,26-02-2024,Anita,Sandwich,Food,150,two,Cash,Pune
1513,14-01-2024,Riya,Latte,Coffee,120,4,upi,Ahmedabad
1514,23-04-2024,Anita,Cold Coffee,Coffee,200,two,UPI,Mumbai
1515,18-04-2024,Priya,Mocha,Coffee,180,4,UPI,Surat
1516,15-01-2024,Anita,Sandwich,Food,150,1,UPI,Ahmedabad
1517,17-02-2024,Aman,Croissant,Food,130,three,card,Mumbai
1518,19-03-2024,Sara,Cold Coffee,Coffee,200,2,card,Delhi
1519,14-01-2024,Riya,Brownie,Dessert,,4,upi,Mumbai
1520,28-02-2024,John,Sandwich,Food,150,three,upi,Surat
1521,11-03-2024,Aman,Latte,Coffee,120,4,upi,Delhi
1522,14-01-2024,Karan,Espresso,Coffee,100,4,card,Pune
1523,27-04-2024,Rahul,Muffin,Dessert,80,three,card,Delhi
1524,22-02-2024,Karan,Espresso,Coffee,100,two,UPI,Surat
1525,21-03-2024,Riya,Croissant,Food,130,2,UPI,Surat
1526,31-03-2024,Riya,Espresso,Coffee,100,three,UPI,Surat
1527,07-04-2024,David,Cappuccino,Coffee,150,3,upi,Bangalore
1528,13-04-2024,Riya,Cheesecake,Dessert,189,1,Cash,Delhi
1529,06-04-2024,John,Cold Coffee,Coffee,200,2,UPI,Delhi
1530,05-01-2024,Karan,Croissant,Food,130,3,Card,Surat
1531,19-02-2024,Rahul,Croissant,Food,130,2,Cash,Pune
1532,23-02-2024,Rahul,Cheesecake,Dessert,200,three,Card,Ahmedabad
1533,16-04-2024,Anita,Sandwich,Food,150,2,upi,Ahmedabad
1534,26-01-2024,Riya,Muffin,Dessert,80,three,Cash,Delhi
1535,04-04-2024,Rahul,Espresso,Coffee,97,two,Card,Delhi
1536,18-04-2024,Aman,Muffin,Dessert,,3,Cash,Delhi
1537,17-03-2024,Rahul,Brownie,Dessert,90,1,card,Ahmedabad
1538,15-02-2024,Aman,Croissant,Food,130,1,upi,Mumbai
1539,21-01-2024,Sara,Croissant,Food,130,4,Card,Surat
1540,12-02-2024,Karan,Brownie,Dessert,90,3,card,Ahmedabad
1541,15-01-2024,Neha,Latte,Coffee,120,three,upi,Delhi
1542,28-03-2024,David,Latte,Coffee,120,3,UPI,Ahmedabad
1543,04-01-2024,Priya,Cold Coffee,Coffee,200,two,card,Mumbai
1544,24-04-2024,Aman,Cold Coffee,Coffee,200,three,upi,Ahmedabad
1545,21-03-2024,Riya,Latte,Coffee,120,1,card,Mumbai
1546,09-03-2024,Riya,Mocha,Coffee,180,three,Cash,Surat
1547,04-01-2024,Aman,Espresso,Coffee,84,4,UPI,Ahmedabad
1548,14-03-2024,Riya,Cappuccino,Coffee,150,2,card,Pune
1549,03-01-2024,Neha,Brownie,Dessert,90,4,Cash,Surat
1550,06-01-2024,Riya,Muffin,Dessert,80,three,UPI,Surat
1551,18-03-2024,David,Cold Coffee,Coffee,200,1,Cash,Pune
1552,09-03-2024,Rahul,Espresso,Coffee,100,2,Card,Bangalore
1553,02-01-2024,John,Brownie,Dessert,90,two,upi,Ahmedabad
1554,09-03-2024,Anita,Cheesecake,Dessert,200,two,Card,Pune
1555,19-01-2024,Sara,Croissant,Food,130,2,Cash,Delhi
1556,19-04-2024,Priya,Muffin,Dessert,80,1,upi,Mumbai
1557,26-03-2024,Priya,Cold Coffee,Coffee,200,1,UPI,Bangalore
1558,26-03-2024,Sara,Espresso,Coffee,100,three,UPI,Pune
1559,12-02-2024,Neha,Sandwich,Food,150,two,upi,Bangalore
1560,24-02-2024,Sara,Brownie,Dessert,,2,card,Bangalore
1561,18-01-2024,Priya,Brownie,Dessert,90,three,UPI,Bangalore
1562,11-03-2024,Aman,Sandwich,Food,150,1,upi,Delhi
1563,03-04-2024,Karan,Cold Coffee,Coffee,200,three,Cash,Ahmedabad
1564,21-02-2024,Karan,Muffin,Dessert,76,two,card,Surat
1565,16-02-2024,Rahul,Espresso,Coffee,100,4,Card,Pune
1566,06-03-2024,Sara,Croissant,Food,130,1,upi,Surat
1567,06-04-2024,Neha,Espresso,Coffee,100,two,Card,Surat
1568,30-04-2024,Sara,Sandwich,Food,,3,Cash,Bangalore
1569,30-01-2024,David,Brownie,Dessert,90,1,card,Pune
1570,06-01-2024,Riya,Latte,Coffee,120,three,UPI,Surat
1571,15-03-2024,Anita,Cold Coffee,Coffee,200,two,upi,Surat
1572,07-03-2024,David,Cappuccino,Coffee,150,3,UPI,Bangalore
1573,11-04-2024,Aman,Sandwich,Food,138,4,Card,Mumbai
1574,23-03-2024,Neha,Croissant,Food,130,3,Cash,Surat
1575,23-02-2024,Priya,Mocha,Coffee,180,3,Card,Ahmedabad
1576,23-03-2024,Aman,Espresso,Coffee,,4,upi,Ahmedabad
1577,18-01-2024,John,Espresso,Coffee,100,three,Card,Bangalore
1578,07-03-2024,Riya,Espresso,Coffee,100,4,UPI,Mumbai
1579,27-02-2024,Sara,Mocha,Coffee,180,two,card,Ahmedabad
1580,11-04-2024,Karan,Espresso,Coffee,100,two,UPI,Delhi
1581,28-04-2024,David,Brownie,Dessert,90,4,Card,Mumbai
1582,26-01-2024,Aman,Latte,Coffee,120,two,upi,Mumbai
1583,01-03-2024,Karan,Espresso,Coffee,100,two,Cash,Mumbai
1584,25-03-2024,Riya,Sandwich,Food,150,2,card,Ahmedabad
1585,17-02-2024,David,Cheesecake,Dessert,200,1,UPI,Ahmedabad
1586,13-01-2024,Riya,Muffin,Dessert,80,4,UPI,Ahmedabad
1587,22-02-2024,Neha,Croissant,Food,130,3,upi,Mumbai
1588,01-01-2024,David,Croissant,Food,130,4,UPI,Mumbai
1589,24-02-2024,David,Espresso,Coffee,100,three,upi,Bangalore
1590,05-02-2024,Karan,Muffin,Dessert,80,three,card,Delhi
1591,12-03-2024,Anita,Brownie,Dessert,90,two,card,Surat
1592,19-04-2024,Aman,Espresso,Coffee,100,three,Cash,Delhi
1593,21-02-2024,John,Croissant,Food,130,3,Card,Pune
1594,12-04-2024,David,Latte,Coffee,120,1,Cash,Mumbai
1595,29-01-2024,Neha,Cold Coffee,Coffee,204,3,upi,Bangalore
1596,08-01-2024,Riya,Muffin,Dessert,80,2,upi,Bangalore
1597,05-01-2024,Aman,Mocha,Coffee,180,two,Cash,Bangalore
1598,24-03-2024,David,Mocha,Coffee,180,1,UPI,Surat
1599,21-02-2024,Karan,Cheesecake,Dessert,184,two,UPI,Surat
1600,27-04-2024,Sara,Croissant,Food,130,two,upi,Delhi
1601,29-04-2024,Karan,Sandwich,Food,150,4,Cash,Ahmedabad
1602,05-03-2024,Rahul,Cappuccino,Coffee,150,3,upi,Ahmedabad
1603,29-03-2024,Anita,Cold Coffee,Coffee,200,4,card,Surat
1604,24-04-2024,Riya,Sandwich,Food,150,two,card,Surat
1605,27-03-2024,Karan,Mocha,Coffee,180,three,upi,Mumbai
1606,01-02-2024,Riya,Cold Coffee,Coffee,200,3,upi,Delhi
1607,10-02-2024,Riya,Sandwich,Food,150,3,Card,Pune
1608,31-01-2024,Sara,Mocha,Coffee,180,three,Card,Ahmedabad
1609,20-01-2024,Priya,Brownie,Dessert,90,1,upi,Mumbai
1610,06-01-2024,Rahul,Croissant,Food,130,4,card,Delhi
1611,05-02-2024,Karan,Croissant,Food,130,4,card,Pune
1612,05-01-2024,Priya,Croissant,Food,130,two,Cash,Surat
1613,28-02-2024,Neha,Croissant,Food,123,3,Cash,Bangalore
1614,19-03-2024,Priya,Brownie,Dessert,90,3,upi,Bangalore
1615,24-01-2024,Anita,Brownie,Dessert,90,4,card,Bangalore
1616,24-01-2024,Riya,Sandwich,Food,150,two,UPI,Delhi
1617,25-02-2024,Aman,Croissant,Food,130,4,card,Mumbai
1618,23-02-2024,Karan,Espresso,Coffee,100,4,upi,Surat
1619,10-04-2024,John,Brownie,Dessert,90,4,card,Mumbai
1620,08-01-2024,Riya,Espresso,Coffee,100,2,card,Surat
1621,03-02-2024,Anita,Brownie,Dessert,90,3,Cash,Pune
1622,14-02-2024,Riya,Cappuccino,Coffee,150,three,upi,Delhi
1623,15-02-2024,Priya,Cold Coffee,Coffee,200,3,Cash,Pune
1624,06-02-2024,Riya,Muffin,Dessert,80,4,UPI,Pune
1625,14-03-2024,Anita,Muffin,Dessert,80,4,Card,Bangalore
1626,24-03-2024,Rahul,Brownie,Dessert,90,3,card,Bangalore
1627,07-03-2024,Aman,Muffin,Dessert,80,4,Card,Surat
1628,30-04-2024,David,Cold Coffee,Coffee,200,three,Cash,Mumbai
1629,29-04-2024,Riya,Cappuccino,Coffee,155,4,Cash,Bangalore
1630,20-01-2024,Sara,Muffin,Dessert,80,1,Card,Surat
1631,26-02-2024,John,Cold Coffee,Coffee,200,three,Cash,Surat
1632,20-04-2024,Rahul,Brownie,Dessert,90,3,upi,Pune
1633,30-03-2024,Riya,Espresso,Coffee,100,two,upi,Pune
1634,22-03-2024,Karan,Croissant,Food,130,three,Card,Mumbai
1635,09-02-2024,John,Sandwich,Food,150,3,upi,Delhi
1636,06-02-2024,Priya,Brownie,Dessert,90,4,UPI,Mumbai
1637,12-04-2024,Anita,Cheesecake,Dessert,200,3,Card,Pune
1638,25-02-2024,David,Croissant,Food,130,4,card,Delhi
1639,11-01-2024,Riya,Cold Coffee,Coffee,200,4,UPI,Bangalore
1640,13-04-2024,Aman,Croissant,Food,130,3,UPI,Mumbai
1641,20-03-2024,Anita,Sandwich,Food,150,4,Cash,Delhi
1642,09-03-2024,Aman,Latte,Coffee,120,1,card,Surat
1643,30-01-2024,David,Latte,Coffee,120,1,UPI,Pune
1644,29-02-2024,John,Brownie,Dessert,90,three,UPI,Pune
1645,10-03-2024,David,Cappuccino,Coffee,150,4,Cash,Mumbai
1646,19-02-2024,Priya,Mocha,Coffee,180,4,Cash,Ahmedabad
1647,01-03-2024,Aman,Mocha,Coffee,180,4,Cash,Surat
1648,07-03-2024,Anita,Croissant,Food,130,1,Cash,Surat
1649,15-01-2024,Rahul,Mocha,Coffee,180,2,upi,Mumbai
1650,11-04-2024,Neha,Cheesecake,Dessert,,2,card,Surat
1651,20-01-2024,Riya,Muffin,Dessert,80,3,upi,Bangalore
1652,08-01-2024,Aman,Latte,Coffee,120,3,card,Delhi
1653,12-03-2024,Sara,Brownie,Dessert,90,three,Cash,Surat
1654,15-02-2024,Priya,Cheesecake,Dessert,200,three,upi,Bangalore
1655,30-03-2024,Anita,Croissant,Food,130,4,card,Bangalore
1656,27-04-2024,Rahul,Muffin,Dessert,80,two,UPI,Ahmedabad
1657,28-02-2024,Aman,Brownie,Dessert,90,1,Cash,Ahmedabad
1658,09-04-2024,Karan,Brownie,Dessert,90,two,card,Delhi
1659,28-03-2024,Anita,Croissant,Food,130,4,card,Surat
1660,15-01-2024,Aman,Brownie,Dessert,90,1,Cash,Delhi
1661,03-03-2024,Riya,Cappuccino,Coffee,150,2,card,Ahmedabad
1662,30-03-2024,Riya,Muffin,Dessert,80,two,Cash,Delhi
1663,28-04-2024,Karan,Sandwich,Food,150,1,card,Bangalore
1664,15-04-2024,Riya,Latte,Coffee,104,two,Card,Ahmedabad
1665,13-01-2024,Karan,Cappuccino,Coffee,150,three,Card,Ahmedabad
1666,12-03-2024,Neha,Espresso,Coffee,100,three,UPI,Surat
1667,30-03-2024,Karan,Sandwich,Food,150,three,card,Ahmedabad
1668,25-03-2024,Anita,Brownie,Dessert,90,2,upi,Bangalore
1669,22-02-2024,Sara,Brownie,Dessert,90,three,upi,Ahmedabad
1670,18-02-2024,Priya,Mocha,Coffee,180,two,card,Mumbai
1671,06-02-2024,Rahul,Latte,Coffee,,two,Cash,Bangalore
1672,28-01-2024,Rahul,Mocha,Coffee,,3,upi,Ahmedabad
1673,14-03-2024,Aman,Croissant,Food,132,two,UPI,Bangalore
1674,01-02-2024,David,Muffin,Dessert,80,2,upi,Delhi
1675,02-04-2024,Neha,Cappuccino,Coffee,150,3,Cash,Ahmedabad
1676,05-01-2024,Anita,Cold Coffee,Coffee,200,three,UPI,Pune
1677,29-04-2024,Neha,Cheesecake,Dessert,200,1,Cash,Surat
1678,07-01-2024,Aman,Cheesecake,Dessert,200,3,UPI,Ahmedabad
1679,20-01-2024,Neha,Mocha,Coffee,180,1,upi,Ahmedabad
1680,29-01-2024,Anita,Cappuccino,Coffee,150,4,Cash,Pune
1681,05-04-2024,Karan,Muffin,Dessert,80,1,card,Surat
1682,07-04-2024,Riya,Espresso,Coffee,100,2,upi,Delhi
1683,19-03-2024,David,Croissant,Food,130,three,UPI,Surat
1684,12-01-2024,Sara,Muffin,Dessert,80,1,UPI,Bangalore
1685,24-03-2024,Neha,Muffin,Dessert,80,1,card,Ahmedabad
1686,26-02-2024,Anita,Espresso,Coffee,100,1,Card,Surat
1687,15-01-2024,Rahul,Cappuccino,Coffee,150,three,Cash,Bangalore
1688,09-02-2024,Karan,Cappuccino,Coffee,150,4,Card,Delhi
1689,07-03-2024,Riya,Croissant,Food,130,3,Cash,Pune
1690,25-04-2024,Rahul,Muffin,Dessert,80,three,Card,Surat
1691,04-02-2024,David,Muffin,Dessert,80,1,UPI,Surat
1692,20-04-2024,David,Brownie,Dessert,,1,Card,Pune
1693,31-03-2024,Karan,Croissant,Food,130,1,Cash,Delhi
1694,05-03-2024,Sara,Mocha,Coffee,180,4,upi,Bangalore
1695,03-03-2024,Riya,Brownie,Dessert,92,4,UPI,Delhi
1696,05-02-2024,Karan,Croissant,Food,130,1,UPI,Delhi
1697,13-02-2024,Karan,Espresso,Coffee,100,4,upi,Surat
1698,23-02-2024,Neha,Mocha,Coffee,180,2,UPI,Pune
1699,17-01-2024,Sara,Croissant,Food,130,2,Card,Bangalore
1700,26-04-2024,Riya,Croissant,Food,130,2,upi,Delhi
1701,09-01-2024,Anita,Brownie,Dessert,90,two,Card,Surat
1702,07-04-2024,Rahul,Latte,Coffee,120,3,card,Surat
1703,20-01-2024,Neha,Cold Coffee,Coffee,200,2,UPI,Ahmedabad
1704,19-03-2024,Anita,Muffin,Dessert,80,2,Cash,Surat
1705,18-01-2024,Anita,Sandwich,Food,150,two,Card,Pune
1706,01-03-2024,John,Sandwich,Food,150,2,UPI,Pune
1707,05-04-2024,Aman,Mocha,Coffee,180,three,card,Ahmedabad
1708,29-03-2024,David,Sandwich,Food,150,3,Cash,Ahmedabad
1709,02-04-2024,Neha,Cheesecake,Dessert,200,3,upi,Ahmedabad
1710,07-03-2024,Sara,Latte,Coffee,120,1,upi,Ahmedabad
1711,04-04-2024,John,Cheesecake,Dessert,200,1,Card,Bangalore
1712,20-02-2024,David,Sandwich,Food,150,3,UPI,Ahmedabad
1713,29-03-2024,Priya,Latte,Coffee,120,two,Cash,Surat
1714,15-01-2024,Karan,Croissant,Food,130,2,Card,Pune
1715,11-02-2024,Neha,Cheesecake,Dessert,,4,Card,Pune
1716,02-02-2024,Riya,Cappuccino,Coffee,150,3,Cash,Mumbai
1717,22-03-2024,Karan,Sandwich,Food,150,3,upi,Delhi
1718,11-03-2024,Anita,Cheesecake,Dessert,,4,upi,Surat
1719,21-01-2024,Rahul,Espresso,Coffee,100,2,UPI,Surat
1720,06-02-2024,John,Sandwich,Food,150,three,upi,Bangalore
1721,28-02-2024,Neha,Latte,Coffee,120,4,card,Delhi
1722,16-03-2024,Neha,Mocha,Coffee,180,three,upi,Mumbai
1723,22-04-2024,John,Mocha,Coffee,180,two,Card,Delhi
1724,24-03-2024,Riya,Latte,Coffee,,3,upi,Ahmedabad
1725,12-02-2024,Aman,Cold Coffee,Coffee,,1,Card,Surat
1726,19-03-2024,Aman,Cold Coffee,Coffee,200,three,card,Surat
1727,16-02-2024,David,Muffin,Dessert,80,1,Cash,Pune
1728,09-01-2024,Anita,Croissant,Food,130,3,upi,Pune
1729,27-01-2024,Riya,Croissant,Food,130,three,upi,Mumbai
1730,02-04-2024,Rahul,Sandwich,Food,150,three,card,Ahmedabad
1731,03-02-2024,Neha,Brownie,Dessert,90,two,upi,Pune
1732,03-04-2024,Sara,Croissant,Food,130,three,UPI,Delhi
1733,16-01-2024,Sara,Latte,Coffee,120,1,upi,Pune
1734,06-01-2024,John,Cheesecake,Dessert,200,3,Card,Surat
1735,02-02-2024,John,Cold Coffee,Coffee,200,1,Cash,Surat
1736,13-02-2024,Aman,Brownie,Dessert,90,4,Card,Bangalore
1737,28-04-2024,Riya,Brownie,Dessert,90,three,Card,Pune
1738,21-03-2024,Priya,Espresso,Coffee,100,4,card,Surat
1739,16-04-2024,Karan,Latte,Coffee,120,two,upi,Mumbai
1740,14-03-2024,Riya,Mocha,Coffee,180,three,Card,Bangalore
1741,13-02-2024,Neha,Latte,Coffee,120,4,card,Delhi
1742,15-01-2024,Rahul,Muffin,Dessert,80,3,card,Mumbai
1743,22-04-2024,Sara,Sandwich,Food,150,2,upi,Bangalore
1744,15-01-2024,Priya,Espresso,Coffee,100,3,upi,Mumbai
1745,25-04-2024,Karan,Sandwich,Food,150,two,UPI,Bangalore
1746,08-04-2024,Aman,Espresso,Coffee,100,1,Card,Surat
1747,28-02-2024,Rahul,Latte,Coffee,120,4,Cash,Surat
1748,21-04-2024,Karan,Muffin,Dessert,80,1,UPI,Mumbai
1749,07-04-2024,Sara,Muffin,Dessert,80,3,UPI,Bangalore
1750,10-02-2024,Rahul,Croissant,Food,130,4,Cash,Mumbai
1751,12-03-2024,Anita,Muffin,Dessert,80,two,UPI,Delhi
1752,14-03-2024,Karan,Cold Coffee,Coffee,200,2,card,Mumbai
1753,04-01-2024,John,Espresso,Coffee,100,4,Cash,Pune
1754,23-01-2024,Priya,Cheesecake,Dessert,200,three,upi,Bangalore
1755,12-02-2024,Riya,Cold Coffee,Coffee,200,2,card,Ahmedabad
1756,12-01-2024,Riya,Espresso,Coffee,100,three,card,Pune
1757,29-01-2024,David,Mocha,Coffee,180,2,Card,Surat
1758,10-04-2024,Anita,Brownie,Dessert,100,3,card,Pune
1759,06-02-2024,David,Espresso,Coffee,100,3,Cash,Bangalore
1760,24-03-2024,Neha,Croissant,Food,130,1,card,Delhi
1761,01-02-2024,Anita,Muffin,Dessert,80,two,Card,Surat
1762,25-02-2024,Sara,Muffin,Dessert,80,4,Card,Surat
1763,04-04-2024,Neha,Cappuccino,Coffee,150,three,card,Bangalore
1764,13-01-2024,Neha,Croissant,Food,130,4,Cash,Surat
1765,08-04-2024,Riya,Muffin,Dessert,80,4,Card,Delhi
1766,25-04-2024,Aman,Muffin,Dessert,80,three,card,Ahmedabad
1767,19-02-2024,Anita,Cold Coffee,Coffee,200,two,UPI,Ahmedabad
1768,27-04-2024,Neha,Cold Coffee,Coffee,200,4,Cash,Ahmedabad
1769,21-02-2024,John,Croissant,Food,130,2,Cash,Surat
1770,15-04-2024,Sara,Croissant,Food,130,3,card,Surat
1771,20-02-2024,David,Muffin,Dessert,80,three,upi,Delhi
1772,01-03-2024,David,Espresso,Coffee,100,2,Card,Bangalore
1773,18-01-2024,David,Espresso,Coffee,111,1,Card,Mumbai
1774,23-03-2024,Neha,Espresso,Coffee,100,4,card,Ahmedabad
1775,28-02-2024,Anita,Espresso,Coffee,100,two,Card,Delhi
1776,18-03-2024,Karan,Cheesecake,Dessert,200,1,UPI,Pune
1777,14-03-2024,Neha,Croissant,Food,,3,card,Surat
1778,15-01-2024,Karan,Brownie,Dessert,90,two,UPI,Pune
1779,11-01-2024,Riya,Croissant,Food,130,two,Cash,Surat
1780,12-04-2024,Karan,Croissant,Food,130,two,Cash,Pune
1781,06-03-2024,Rahul,Sandwich,Food,150,4,UPI,Delhi
1782,29-03-2024,Rahul,Latte,Coffee,120,two,Cash,Surat
1783,15-03-2024,Neha,Sandwich,Food,150,2,Cash,Bangalore
1784,11-01-2024,Rahul,Sandwich,Food,150,2,Card,Ahmedabad
1785,05-02-2024,Neha,Cold Coffee,Coffee,,3,Card,Ahmedabad
1786,25-03-2024,Sara,Espresso,Coffee,100,4,card,Delhi
1787,20-04-2024,Neha,Croissant,Food,130,1,Card,Pune
1788,08-04-2024,Aman,Cheesecake,Dessert,200,4,Card,Ahmedabad
1789,07-01-2024,Aman,Brownie,Dessert,90,three,card,Pune
1790,08-02-2024,Sara,Sandwich,Food,150,4,card,Surat
1791,01-03-2024,Rahul,Cheesecake,Dessert,200,3,card,Pune
1792,08-03-2024,Riya,Brownie,Dessert,90,three,UPI,Pune
1793,27-04-2024,Riya,Muffin,Dessert,80,three,UPI,Surat
1794,20-02-2024,Riya,Muffin,Dessert,80,4,upi,Delhi
1795,13-02-2024,John,Croissant,Food,130,three,Cash,Mumbai
1796,22-02-2024,Sara,Latte,Coffee,120,1,UPI,Bangalore
1797,05-01-2024,Riya,Mocha,Coffee,180,1,Card,Ahmedabad
1798,31-03-2024,Riya,Cappuccino,Coffee,150,1,upi,Delhi
1799,30-03-2024,Riya,Cappuccino,Coffee,150,2,card,Bangalore
1800,29-03-2024,Riya,Cheesecake,Dessert,200,three,UPI,Mumbai
1801,19-02-2024,Aman,Cheesecake,Dessert,200,3,card,Mumbai
1802,28-04-2024,Riya,Sandwich,Food,150,2,Card,Ahmedabad
1803,28-01-2024,Rahul,Cheesecake,Dessert,200,two,Cash,Mumbai
1804,10-01-2024,Priya,Cappuccino,Coffee,150,two,Card,Surat
1805,29-04-2024,Anita,Latte,Coffee,120,1,card,Ahmedabad
1806,06-03-2024,David,Latte,Coffee,120,three,Cash,Ahmedabad
1807,01-01-2024,Riya,Mocha,Coffee,180,4,upi,Ahmedabad
1808,12-02-2024,Riya,Brownie,Dessert,90,three,UPI,Ahmedabad
1809,11-01-2024,Aman,Brownie,Dessert,90,4,upi,Mumbai
1810,25-03-2024,Riya,Cheesecake,Dessert,200,2,UPI,Pune
1811,23-04-2024,Sara,Cappuccino,Coffee,150,three,Cash,Surat
1812,31-01-2024,Rahul,Muffin,Dessert,80,4,card,Ahmedabad
1813,03-01-2024,John,Sandwich,Food,150,1,card,Mumbai
1814,13-04-2024,Karan,Mocha,Coffee,180,three,Card,Surat
1815,30-01-2024,Priya,Muffin,Dessert,,1,Cash,Pune
1816,06-01-2024,Riya,Muffin,Dessert,80,2,Cash,Bangalore
1817,28-02-2024,Riya,Cappuccino,Coffee,150,two,card,Ahmedabad
1818,29-01-2024,Riya,Muffin,Dessert,80,1,card,Bangalore
1819,28-03-2024,John,Cappuccino,Coffee,150,two,upi,Delhi
1820,09-01-2024,Anita,Brownie,Dessert,90,1,upi,Delhi
1821,01-02-2024,Riya,Sandwich,Food,,two,upi,Pune
1822,03-01-2024,Riya,Espresso,Coffee,85,4,upi,Bangalore
1823,29-03-2024,Rahul,Cheesecake,Dessert,200,4,upi,Pune
1824,31-01-2024,Priya,Cheesecake,Dessert,191,2,upi,Mumbai
1825,14-02-2024,Sara,Cold Coffee,Coffee,,4,Cash,Ahmedabad
1826,20-03-2024,Sara,Cappuccino,Coffee,150,3,card,Surat
1827,05-02-2024,Priya,Mocha,Coffee,180,1,card,Delhi
1828,26-03-2024,David,Espresso,Coffee,100,1,UPI,Bangalore
1829,13-04-2024,John,Muffin,Dessert,,4,upi,Delhi
1830,10-04-2024,Priya,Espresso,Coffee,100,1,upi,Ahmedabad
1831,23-02-2024,Riya,Brownie,Dessert,90,2,UPI,Delhi
1832,31-01-2024,Riya,Cappuccino,Coffee,150,three,card,Ahmedabad
1833,07-01-2024,Aman,Sandwich,Food,150,4,card,Bangalore
1834,28-02-2024,Sara,Espresso,Coffee,100,three,UPI,Delhi
1835,29-03-2024,Priya,Latte,Coffee,120,two,card,Delhi
1836,29-01-2024,Neha,Brownie,Dessert,90,3,Card,Ahmedabad
1837,19-04-2024,Sara,Croissant,Food,130,2,upi,Pune
1838,05-02-2024,Sara,Sandwich,Food,150,1,UPI,Pune
1839,29-01-2024,David,Muffin,Dessert,80,two,Cash,Mumbai
1840,03-04-2024,David,Sandwich,Food,,two,card,Surat
1841,27-02-2024,David,Cappuccino,Coffee,150,4,Card,Delhi
1842,07-02-2024,Riya,Brownie,Dessert,90,2,UPI,Delhi
1843,19-04-2024,Aman,Sandwich,Food,159,two,card,Delhi
1844,21-03-2024,David,Brownie,Dessert,110,4,UPI,Ahmedabad
1845,07-02-2024,Karan,Latte,Coffee,120,4,upi,Delhi
1846,20-03-2024,Anita,Cappuccino,Coffee,150,3,Cash,Mumbai
1847,16-02-2024,Riya,Cheesecake,Dessert,200,4,upi,Surat
1848,12-03-2024,Sara,Cappuccino,Coffee,150,three,upi,Mumbai
1849,04-04-2024,Sara,Sandwich,Food,150,two,UPI,Bangalore
1850,05-03-2024,Anita,Cold Coffee,Coffee,200,three,card,Pune
1851,08-03-2024,Rahul,Croissant,Food,130,1,card,Ahmedabad
1852,12-04-2024,Sara,Brownie,Dessert,90,three,card,Mumbai
1853,20-02-2024,Aman,Cappuccino,Coffee,150,2,UPI,Mumbai
1854,04-03-2024,John,Espresso,Coffee,100,2,UPI,Pune
1855,29-04-2024,Riya,Croissant,Food,130,2,Cash,Bangalore
1856,09-01-2024,Riya,Mocha,Coffee,180,1,UPI,Pune
1857,13-02-2024,Riya,Muffin,Dessert,80,three,upi,Ahmedabad
1858,28-02-2024,Aman,Sandwich,Food,150,3,UPI,Delhi
1859,17-02-2024,Priya,Sandwich,Food,152,3,Card,Ahmedabad
1860,01-04-2024,Riya,Espresso,Coffee,100,two,Card,Delhi
1861,15-01-2024,Rahul,Mocha,Coffee,180,1,UPI,Delhi
1862,12-03-2024,Anita,Mocha,Coffee,,three,Card,Bangalore
1863,10-03-2024,David,Sandwich,Food,150,2,card,Delhi
1864,28-04-2024,Karan,Sandwich,Food,150,3,UPI,Surat
1865,01-03-2024,Riya,Cold Coffee,Coffee,200,3,Card,Ahmedabad
1866,13-02-2024,Aman,Sandwich,Food,150,three,upi,Mumbai
1867,04-01-2024,Riya,Cold Coffee,Coffee,200,4,UPI,Mumbai
1868,23-03-2024,Sara,Muffin,Dessert,80,2,Cash,Mumbai
1869,18-04-2024,David,Croissant,Food,130,4,Card,Pune
1870,18-03-2024,Anita,Brownie,Dessert,90,two,card,Delhi
1871,17-02-2024,Rahul,Cheesecake,Dessert,200,4,card,Ahmedabad
1872,28-01-2024,Priya,Cappuccino,Coffee,150,three,UPI,Delhi
1873,03-04-2024,Aman,Cheesecake,Dessert,200,4,Card,Bangalore
1874,21-04-2024,David,Sandwich,Food,150,two,Cash,Mumbai
1875,22-03-2024,Neha,Cheesecake,Dessert,200,3,Card,Delhi
1876,16-04-2024,Neha,Espresso,Coffee,100,4,UPI,Pune
1877,04-04-2024,Rahul,Croissant,Food,130,4,UPI,Surat
1878,16-01-2024,Priya,Sandwich,Food,150,three,Card,Mumbai
1879,07-04-2024,Anita,Cappuccino,Coffee,150,3,upi,Pune
1880,25-02-2024,Riya,Muffin,Dessert,80,3,UPI,Ahmedabad
1881,03-01-2024,Priya,Muffin,Dessert,80,3,Card,Bangalore
1882,07-01-2024,John,Espresso,Coffee,100,3,UPI,Bangalore
1883,22-03-2024,Riya,Croissant,Food,130,1,upi,Delhi
1884,11-02-2024,Rahul,Croissant,Food,130,3,UPI,Mumbai
1885,15-03-2024,Anita,Croissant,Food,143,3,card,Pune
1886,27-04-2024,Sara,Brownie,Dessert,90,2,upi,Ahmedabad
1887,18-04-2024,David,Croissant,Food,130,two,card,Mumbai
1888,14-04-2024,Anita,Cappuccino,Coffee,150,2,Card,Pune
1889,07-03-2024,Riya,Muffin,Dessert,80,3,Card,Delhi
1890,29-03-2024,David,Espresso,Coffee,100,2,Cash,Mumbai
1891,09-04-2024,Riya,Latte,Coffee,106,4,upi,Ahmedabad
1892,01-03-2024,John,Latte,Coffee,119,1,Cash,Mumbai
1893,27-01-2024,John,Muffin,Dessert,80,two,Cash,Delhi
1894,15-03-2024,Neha,Cold Coffee,Coffee,200,3,Card,Ahmedabad
1895,09-01-2024,Sara,Muffin,Dessert,80,1,Card,Bangalore
1896,25-04-2024,Riya,Espresso,Coffee,,two,Card,Ahmedabad
1897,16-02-2024,Aman,Sandwich,Food,150,three,UPI,Pune
1898,28-01-2024,Riya,Cheesecake,Dessert,200,two,card,Mumbai
1899,18-01-2024,John,Croissant,Food,130,4,Cash,Bangalore
1900,15-01-2024,Riya,Sandwich,Food,150,4,card,Delhi
1901,22-02-2024,Priya,Croissant,Food,130,3,UPI,Delhi
1902,27-03-2024,Riya,Latte,Coffee,120,4,Cash,Mumbai
1903,20-02-2024,Aman,Espresso,Coffee,100,4,Cash,Bangalore
1904,13-02-2024,Sara,Mocha,Coffee,180,2,card,Surat
1905,05-02-2024,David,Sandwich,Food,150,three,UPI,Pune
1906,21-02-2024,Riya,Muffin,Dessert,80,4,Cash,Bangalore
1907,04-03-2024,John,Sandwich,Food,150,2,Cash,Pune
1908,23-01-2024,Neha,Latte,Coffee,120,4,upi,Mumbai
1909,25-03-2024,Rahul,Cappuccino,Coffee,150,two,card,Pune
1910,03-02-2024,John,Croissant,Food,130,two,Cash,Pune
1911,19-02-2024,John,Cappuccino,Coffee,150,4,Cash,Delhi
1912,25-03-2024,Aman,Croissant,Food,130,3,UPI,Surat
1913,03-03-2024,Riya,Cheesecake,Dessert,200,1,upi,Ahmedabad
1914,01-03-2024,Rahul,Sandwich,Food,150,two,card,Ahmedabad
1915,19-03-2024,John,Cheesecake,Dessert,200,three,Cash,Ahmedabad
1916,17-01-2024,Riya,Latte,Coffee,120,3,UPI,Pune
1917,24-02-2024,Riya,Cappuccino,Coffee,150,3,Card,Delhi
1918,23-03-2024,Rahul,Mocha,Coffee,180,3,Cash,Bangalore
1919,03-01-2024,Neha,Espresso,Coffee,100,two,upi,Pune
1920,03-01-2024,Neha,Cold Coffee,Coffee,200,three,card,Bangalore
1921,13-01-2024,Priya,Muffin,Dessert,80,4,upi,Surat
1922,22-01-2024,Priya,Brownie,Dessert,90,two,Cash,Ahmedabad
1923,06-02-2024,David,Mocha,Coffee,,3,Card,Ahmedabad
1924,01-04-2024,Neha,Cappuccino,Coffee,150,two,upi,Pune
1925,27-01-2024,Karan,Cheesecake,Dessert,200,3,UPI,Pune
1926,10-02-2024,Priya,Croissant,Food,130,2,upi,Delhi
1927,21-03-2024,Sara,Latte,Coffee,120,three,card,Bangalore
1928,13-04-2024,Riya,Croissant,Food,130,two,Cash,Ahmedabad
1929,16-02-2024,Rahul,Mocha,Coffee,180,4,card,Pune
1930,20-04-2024,Rahul,Brownie,Dessert,90,1,Card,Bangalore
1931,31-01-2024,Sara,Muffin,Dessert,80,4,UPI,Pune
1932,12-03-2024,Aman,Sandwich,Food,150,4,UPI,Delhi
1933,03-02-2024,Priya,Latte,Coffee,120,3,Cash,Mumbai
1934,10-02-2024,Anita,Cappuccino,Coffee,150,two,Cash,Pune
1935,31-01-2024,Karan,Espresso,Coffee,100,1,upi,Ahmedabad
1936,04-03-2024,Anita,Cold Coffee,Coffee,200,1,upi,Surat
1937,13-04-2024,Aman,Cheesecake,Dessert,200,three,Cash,Delhi
1938,05-02-2024,Priya,Mocha,Coffee,180,4,upi,Bangalore
1939,10-02-2024,Aman,Cappuccino,Coffee,150,two,UPI,Pune
1940,15-04-2024,John,Brownie,Dessert,,3,Cash,Surat
1941,02-02-2024,Anita,Mocha,Coffee,180,two,Cash,Ahmedabad
1942,19-04-2024,Rahul,Mocha,Coffee,180,4,UPI,Mumbai
1943,08-02-2024,Riya,Mocha,Coffee,180,2,UPI,Surat
1944,11-04-2024,Priya,Cheesecake,Dessert,200,1,card,Bangalore
1945,22-04-2024,Riya,Cheesecake,Dessert,200,1,UPI,Pune
1946,03-04-2024,John,Muffin,Dessert,80,two,Card,Surat
1947,11-04-2024,Rahul,Sandwich,Food,150,three,UPI,Ahmedabad
1948,15-01-2024,Aman,Cappuccino,Coffee,150,2,upi,Surat
1949,11-04-2024,Rahul,Cheesecake,Dessert,200,3,Card,Surat
1950,15-04-2024,Anita,Muffin,Dessert,80,3,Card,Pune
1951,30-04-2024,Riya,Cheesecake,Dessert,200,two,upi,Surat
1952,26-04-2024,Aman,Mocha,Coffee,180,1,Cash,Pune
1953,24-02-2024,Aman,Muffin,Dessert,80,two,upi,Mumbai
1954,01-04-2024,Riya,Latte,Coffee,120,two,card,Mumbai
1955,01-04-2024,Rahul,Mocha,Coffee,180,2,card,Pune
1956,25-02-2024,Riya,Espresso,Coffee,100,2,Card,Pune
1957,22-02-2024,Sara,Espresso,Coffee,,2,upi,Pune
1958,17-02-2024,Priya,Mocha,Coffee,180,two,Card,Bangalore
1959,28-03-2024,Neha,Cheesecake,Dessert,200,2,UPI,Mumbai
1960,12-03-2024,Anita,Cappuccino,Coffee,150,1,upi,Surat
1961,31-03-2024,David,Muffin,Dessert,92,three,UPI,Pune
1962,17-01-2024,Rahul,Brownie,Dessert,,two,Card,Ahmedabad
1963,29-04-2024,Karan,Sandwich,Food,150,3,card,Delhi
1964,15-01-2024,Priya,Cold Coffee,Coffee,,3,UPI,Surat
1965,28-04-2024,Rahul,Brownie,Dessert,90,4,upi,Bangalore
1966,24-04-2024,Karan,Cheesecake,Dessert,200,2,card,Mumbai
1967,20-01-2024,Priya,Mocha,Coffee,176,1,card,Mumbai
1968,06-01-2024,Priya,Sandwich,Food,150,4,card,Mumbai
1969,16-01-2024,Aman,Espresso,Coffee,100,3,upi,Bangalore
1970,24-04-2024,Karan,Muffin,Dessert,80,three,upi,Delhi
1971,27-04-2024,Anita,Cheesecake,Dessert,200,1,Cash,Bangalore
1972,20-02-2024,Aman,Cappuccino,Coffee,150,3,Cash,Mumbai
1973,16-04-2024,Neha,Sandwich,Food,150,three,Cash,Bangalore
1974,24-03-2024,Neha,Latte,Coffee,120,two,Card,Delhi
1975,12-04-2024,Riya,Latte,Coffee,120,three,upi,Ahmedabad
1976,12-01-2024,Riya,Cheesecake,Dessert,200,4,Cash,Delhi
1977,19-02-2024,Aman,Espresso,Coffee,100,4,Cash,Bangalore
1978,12-04-2024,Neha,Sandwich,Food,150,4,Card,Bangalore
1979,16-04-2024,Priya,Cappuccino,Coffee,150,3,UPI,Ahmedabad
1980,24-02-2024,Aman,Muffin,Dessert,80,1,card,Surat
1981,12-01-2024,Sara,Cheesecake,Dessert,200,1,Card,Pune
1982,21-03-2024,Riya,Croissant,Food,130,three,card,Bangalore
1983,17-01-2024,David,Espresso,Coffee,100,three,UPI,Ahmedabad
1984,11-03-2024,David,Latte,Coffee,120,1,card,Mumbai
1985,25-03-2024,Neha,Sandwich,Food,150,three,Cash,Ahmedabad
1986,15-01-2024,David,Latte,Coffee,120,three,Cash,Mumbai
1987,22-04-2024,Riya,Cheesecake,Dessert,200,three,card,Ahmedabad
1988,13-02-2024,Rahul,Cold Coffee,Coffee,200,2,Cash,Pune
1989,03-01-2024,David,Croissant,Food,140,1,upi,Surat
1990,08-02-2024,Riya,Sandwich,Food,150,two,card,Bangalore
1991,17-01-2024,John,Cappuccino,Coffee,,2,Card,Mumbai
1992,02-03-2024,Karan,Mocha,Coffee,180,three,Card,Mumbai
1993,08-04-2024,Aman,Cold Coffee,Coffee,200,4,Card,Surat
1994,03-03-2024,Neha,Sandwich,Food,,4,Card,Delhi
1995,13-03-2024,David,Cold Coffee,Coffee,220,4,card,Pune
1996,17-03-2024,David,Muffin,Dessert,80,three,card,Ahmedabad
1997,02-04-2024,Sara,Muffin,Dessert,80,two,Cash,Ahmedabad
1998,24-02-2024,David,Latte,Coffee,120,two,card,Mumbai
1999,20-03-2024,Aman,Sandwich,Food,150,three,UPI,Surat
2000,01-03-2024,Riya,Mocha,Coffee,180,3,UPI,Ahmedabad
